{
    "final_loss": 7.905358277326968e-06,
    "epochs": 8000,
    "training_time_s": 817.185428,
    "training_time_min": 13.619757133333334
}